Model,Dataset,training_size,validation_size,test_size,num_points,lr,batch_size,epochs,dropout,emb_dims,optimizer,Train Best MSE,Test MSE,Test MAE,Test Max MAE,Test R2,best_model
pointnet,AhmedML,250,75,75,50000,0.001,8,200,0.1,1024,adam,0.0025924582086089,0.0045337657340698,0.0516327834791607,0.0724977850914001,-6.8669843673706055,ahmedml_pointnet_ts250_bs8_epochs200_pts50000_lr0.001_drop0.1_20250227_best_model.pth
pointnet,AhmedML,350,75,75,50000,0.001,8,200,0.1,1024,adam,0.0019500861655817265,0.0032011864758614036,0.04482581797573301,0.0662594810128212,-3.1786746978759766,ahmedml_pointnet_ts350_bs8_epochs200_pts50000_lr0.001_drop0.1_20250227_best_model.pth
